{"cameraMode":{"drawMode":0,"name":"Shaded","section":"Shading Mode"},"sceneLighting":true,"audioPlay":false,"sceneViewState":{"m_AlwaysRefresh":false,"showFog":true,"showSkybox":true,"showFlares":true,"showImageEffects":true,"showParticleSystems":true,"showVisualEffectGraphs":true,"m_FxEnabled":true},"in2DMode":false,"pivot":{"x":32.060611724853519,"y":-41.14724349975586,"z":237.72540283203126},"rotation":{"x":-0.1282033622264862,"y":-0.10630232095718384,"z":0.013820374384522438,"w":-0.9859457015991211},"size":93.81259155273438,"orthographic":false}